"","Neighborhood","SquareFeet","SalePrice","Brk","Edwards","LogSF","LogSP"
"1","NAmes",1656,215000,0,0,7.4121603349452,12.2783933071098
"2","NAmes",896,105000,0,0,6.79794041297493,11.5617156291397
"3","NAmes",1329,172000,0,0,7.19218205871325,12.0552497557956
"4","NAmes",2110,244000,0,0,7.65444322647011,12.4049235042753
"5","NAmes",1004,149000,0,0,6.91174730025167,11.9117015849276
"6","NAmes",1078,149900,0,0,6.98286275146894,11.9177236840907
"7","NAmes",1056,142000,0,0,6.96224346426621,11.8635823365834
"8","NAmes",882,126000,0,0,6.78219205600679,11.7440371859336
"9","NAmes",864,115000,0,0,6.76157276880406,11.6526874073454
"10","NAmes",1337,184000,0,0,7.19818357710194,12.1226910365911
"11","NAmes",1232,142250,0,0,7.11639414409346,11.8653413519886
"12","NAmes",1225,128950,0,0,7.11069612297883,11.7671800113095
"13","NAmes",1209,159000,0,0,7.09754885061479,11.9766594812024
"14","NAmes",1510,178900,0,0,7.31986492980897,12.0945822694968
"15","NAmes",1775,136300,0,0,7.48155570190952,11.8226136176846
"16","NAmes",1152,180500,0,0,7.04925484125584,12.1034860567551
"17","NAmes",1054,137500,0,0,6.96034772910131,11.8313791960888
"18","NAmes",1728,84900,0,0,7.454719949364,11.3492293722994
"19","NAmes",1078,142125,0,0,6.98286275146894,11.8644622310528
"20","NAmes",2461,197600,0,0,7.80832305039106,12.1940000642959
"21","NAmes",1556,172500,0,0,7.34987370473834,12.0581525154536
"22","BrkSide",858,116500,1,0,6.75460409948796,11.6656465519879
"23","BrkSide",1306,76500,1,0,7.17472430983638,11.2450460198146
"24","NAmes",1063,128000,0,0,6.96885037834195,11.7597855429018
"25","NAmes",1520,153000,0,0,7.32646561384032,11.9381932003746
"26","NAmes",1268,132000,0,0,7.14519613499717,11.7905572015685
"27","NAmes",1128,178000,0,0,7.028201432058,12.0895388292742
"28","NAmes",2274,154300,0,0,7.72929567431048,11.9466540383513
"29","NAmes",2207,180000,0,0,7.69938940625674,12.1007121298723
"30","NAmes",1888,190000,0,0,7.54327334670545,12.1547793511426
"31","NAmes",1604,135000,0,0,7.38025578842646,11.8130300574206
"32","NAmes",1480,214000,0,0,7.29979736675816,12.273731294004
"33","NAmes",1143,136000,0,0,7.04141166379481,11.8204101647182
"34","NAmes",1700,165500,0,0,7.43838353004431,12.0167264737993
"35","NAmes",1314,145000,0,0,7.18083119904456,11.8844890214027
"36","NAmes",1194,148000,0,0,7.08506429395255,11.9049675527463
"37","NAmes",1188,142000,0,0,7.08002649992259,11.8635823365834
"38","NAmes",1264,167500,0,0,7.1420365747068,12.0287386302473
"39","NAmes",1206,108538,0,0,7.09506437728713,11.594855621061
"40","NAmes",1580,159500,0,0,7.36518012602101,11.979799201207
"41","NAmes",1337,108000,0,0,7.19818357710194,11.5898865061064
"42","NAmes",1064,135000,0,0,6.96979066990159,11.8130300574206
"43","NAmes",972,122500,0,0,6.87935580446044,11.7158663089669
"44","NAmes",988,119000,0,0,6.89568269774787,11.6868787720937
"45","NAmes",1057,109000,0,0,6.96318998587024,11.5991031612113
"46","NAmes",985,105000,0,0,6.89264164117209,11.5617156291397
"47","NAmes",827,107500,0,0,6.71780469502369,11.5852461265499
"48","NAmes",1086,144900,0,0,6.99025650049388,11.8837991283088
"49","NAmes",936,129000,0,0,6.84161547647759,11.7675676833438
"50","NAmes",1458,97500,0,0,7.2848209125686,11.4876076569859
"51","NAmes",1287,162000,0,0,7.16006920759613,11.9953516142145
"52","NAmes",2978,242000,0,0,7.99900721324395,12.3966930051388
"53","NAmes",1224,132000,0,0,7.10987946307227,11.7905572015685
"54","NAmes",1246,154000,0,0,7.1276936993474,11.9447078813958
"55","NAmes",1385,166000,0,0,7.23345541862144,12.0197430673387
"56","NAmes",900,134800,0,0,6.80239476332431,11.8115474774603
"57","NAmes",1116,160000,0,0,7.01750614294126,11.982929094216
"58","NAmes",1175,148000,0,0,7.06902342657826,11.9049675527463
"59","NAmes",1395,192000,0,0,7.24064969425547,12.1652506510099
"60","NAmes",1839,155000,0,0,7.51697722460432,11.9511803959014
"61","BrkSide",1612,128500,1,0,7.38523092306657,11.7636841833174
"62","BrkSide",2068,209500,1,0,7.63433723562832,12.2524790183443
"63","BrkSide",765,87000,1,0,6.63987583382654,11.3736633976367
"64","BrkSide",1132,134000,1,0,7.03174125876313,11.805595078933
"65","BrkSide",1196,128000,1,0,7.08673793451058,11.7597855429018
"66","BrkSide",1453,132000,1,0,7.28138566357028,11.7905572015685
"67","BrkSide",1416,139900,1,0,7.25559127425367,11.8486831606536
"68","BrkSide",1040,123900,1,0,6.94697599213542,11.7272300676172
"69","BrkSide",1536,138400,1,0,7.33693691370762,11.8379033221657
"70","Edwards",1610,124000,0,1,7.38398945797851,11.7280368445872
"71","Edwards",835,83000,0,1,6.72743172485086,11.3265958867787
"72","Edwards",1074,144500,0,1,6.97914527506881,11.8810347865346
"73","Edwards",1144,129000,0,1,7.04228617193974,11.7675676833438
"74","Edwards",1531,127000,0,1,7.33367639565768,11.7519423654407
"75","Edwards",1172,128000,0,1,7.06646697013696,11.7597855429018
"76","Edwards",1212,186000,0,1,7.10002716662926,12.1335019526953
"77","Edwards",1508,308030,0,1,7.3185395485679,12.6379524598098
"78","Edwards",1298,114000,0,1,7.16857989726403,11.6439537273766
"79","Edwards",930,84900,0,1,6.8351845861473,11.3492293722994
"80","Edwards",640,84900,0,1,6.46146817635372,11.3492293722994
"81","Edwards",992,155891,0,1,6.89972310728487,11.9569123240658
"82","Edwards",1664,100000,0,1,7.41697962138115,11.5129254649702
"83","Edwards",1196,144000,0,1,7.08673793451058,11.8775685785581
"84","Edwards",1120,64000,0,1,7.02108396428914,11.0666383623418
"85","Edwards",1096,125200,0,1,6.99942246750796,11.7376677376481
"86","Edwards",1117,107000,0,1,7.0184017990692,11.580584113444
"87","Edwards",960,90000,0,1,6.86693328446188,11.4075649493124
"88","Edwards",1121,140000,0,1,7.02197642307216,11.8493977015914
"89","Edwards",1487,113000,0,1,7.30451594646016,11.6351430976945
"90","Edwards",924,80000,0,1,6.82871207164168,11.289781913656
"91","Edwards",1526,144500,0,1,7.3304052118444,11.8810347865346
"92","Edwards",864,58500,0,1,6.76157276880406,10.9767820332199
"93","NAmes",882,124500,0,0,6.78219205600679,11.7320609948869
"94","NAmes",1434,157000,0,0,7.26822302115957,11.9640010843304
"95","NAmes",2704,345000,0,0,7.90248743716286,12.7512996960135
"96","NAmes",1792,136000,0,0,7.49108759353488,11.8204101647182
"97","NAmes",1002,148500,0,0,6.90975328164481,11.9083402372249
"98","NAmes",1026,156000,0,0,6.93342302573071,11.9576112862317
"99","NAmes",1180,128000,0,0,7.07326971745971,11.7597855429018
"100","NAmes",1050,143000,0,0,6.95654544315157,11.870599909242
"101","NAmes",864,76500,0,0,6.76157276880406,11.2450460198146
"102","NAmes",864,120500,0,0,6.76157276880406,11.6994050319128
"103","NAmes",864,124500,0,0,6.76157276880406,11.7320609948869
"104","NAmes",864,97000,0,0,6.76157276880406,11.4824662574855
"105","NAmes",864,130000,0,0,6.76157276880406,11.7752897294377
"106","NAmes",892,100000,0,0,6.79346613258001,11.5129254649702
"107","NAmes",1120,148800,0,0,7.02108396428914,11.9103584013811
"108","NAmes",864,130000,0,0,6.76157276880406,11.7752897294377
"109","NAmes",1568,143000,0,0,7.35755620091035,11.870599909242
"110","NAmes",925,117500,0,0,6.82979373751242,11.6741936125664
"111","NAmes",894,141500,0,0,6.79570577517351,11.8600549960654
"112","NAmes",864,118000,0,0,6.76157276880406,11.6784399034478
"113","NAmes",864,127500,0,0,6.76157276880406,11.7558716435806
"114","NAmes",1362,140000,0,0,7.21670948670946,11.8493977015914
"115","NAmes",1728,177625,0,0,7.454719949364,12.0874298653994
"116","NAmes",1776,110000,0,0,7.48211892355212,11.6082356447746
"117","NAmes",1516,167000,0,0,7.32383056620232,12.0257490913989
"118","NAmes",1313,153000,0,0,7.1800698743028,11.9381932003746
"119","NAmes",1292,145100,0,0,7.16394668434255,11.8851784388723
"120","NAmes",1154,154000,0,0,7.05098944706805,11.9447078813958
"121","NAmes",2140,177500,0,0,7.6685611080159,12.0867258878976
"122","NAmes",1445,158000,0,0,7.27586460054653,11.9703503120091
"123","NAmes",1041,124500,0,0,6.94793706861497,11.7320609948869
"124","NAmes",1576,174500,0,0,7.36264527041782,12.0696800206246
"125","NAmes",960,122000,0,0,6.86693328446188,11.7117763237154
"126","BrkSide",708,82500,1,0,6.56244409369372,11.3205535723228
"127","BrkSide",1203,110000,1,0,7.09257371597468,11.6082356447746
"128","NAmes",1505,149500,0,0,7.31654817718298,11.9150516718129
"129","NAmes",1691,175000,0,0,7.43307534889858,12.0725412529057
"130","NAmes",1644,167000,0,0,7.40488757561612,12.0257490913989
"131","NAmes",1050,128900,0,0,6.95654544315157,11.7667921889273
"132","NAmes",1668,140000,0,0,7.41938058291869,11.8493977015914
"133","NAmes",1113,147000,0,0,7.01481435127554,11.8981878657609
"134","NAmes",1584,124000,0,0,7.36770857237437,11.7280368445872
"135","NAmes",1453,187500,0,0,7.28138566357028,12.1415341243926
"136","NAmes",1394,159000,0,0,7.23993259132047,11.9766594812024
"137","NAmes",1567,256000,0,0,7.35691824235602,12.4529327234617
"138","NAmes",1986,205000,0,0,7.59387784460512,12.2307652581205
"139","NAmes",2142,193500,0,0,7.66949525100769,12.173032791452
"140","NAmes",1392,110000,0,0,7.23849684089437,11.6082356447746
"141","NAmes",1738,104900,0,0,7.46049030582534,11.5607627943844
"142","NAmes",1144,150000,0,0,7.04228617193974,11.9183905730784
"143","NAmes",1478,156500,0,0,7.29844510150815,11.9608112889623
"144","NAmes",1329,176000,0,0,7.19218205871325,12.0782392740203
"145","NAmes",988,149500,0,0,6.89568269774787,11.9150516718129
"146","NAmes",1632,139000,0,0,7.39756153552405,11.8422292121128
"147","NAmes",1215,155000,0,0,7.10249935577465,11.9511803959014
"148","NAmes",1202,120000,0,0,7.09174211509515,11.6952470217642
"149","NAmes",1382,153000,0,0,7.23128700432762,11.9381932003746
"150","NAmes",1200,144000,0,0,7.09007683577609,11.8775685785581
"151","NAmes",1382,176000,0,0,7.23128700432762,12.0782392740203
"152","NAmes",1297,153000,0,0,7.16780918431644,11.9381932003746
"153","NAmes",1866,135000,0,0,7.53155238140729,11.8130300574206
"154","NAmes",1062,131000,0,0,6.96790920180188,11.7829526021833
"155","NAmes",1319,123000,0,0,7.18462915271731,11.7199396343546
"156","NAmes",1112,126000,0,0,7.01391547481053,11.7440371859336
"157","NAmes",1005,115000,0,0,6.91274282049318,11.6526874073454
"158","NAmes",1363,164900,0,0,7.21744343169653,12.0130945085477
"159","NAmes",793,113000,0,0,6.67582322163485,11.6351430976945
"160","NAmes",1031,145500,0,0,6.93828448401696,11.8879313655937
"161","NAmes",1210,102900,0,0,7.09837563859079,11.5415129218221
"162","NAmes",1527,152500,0,0,7.33106030521863,11.9349198750296
"163","NAmes",1200,129900,0,0,7.09007683577609,11.7745202026587
"164","NAmes",972,132000,0,0,6.87935580446044,11.7905572015685
"165","NAmes",2544,190000,0,0,7.84149292446001,12.1547793511426
"166","NAmes",1380,154000,0,0,7.22983877815125,11.9447078813958
"167","NAmes",1040,163000,0,0,6.94697599213542,12.0015054797889
"168","NAmes",2634,200000,0,0,7.87625888230323,12.2060726455302
"169","NAmes",951,143500,0,0,6.85751406254539,11.8740903141818
"170","NAmes",1105,135000,0,0,7.00760061395185,11.8130300574206
"171","NAmes",1306,153000,0,0,7.17472430983638,11.9381932003746
"172","NAmes",1478,157500,0,0,7.29844510150815,11.9671807372478
"173","NAmes",1142,113500,0,0,7.04053639021596,11.6395581159036
"174","NAmes",1268,133000,0,0,7.14519613499717,11.7981044072039
"175","NAmes",1040,92900,0,0,6.94697599213542,11.4392789248019
"176","NAmes",1133,128500,0,0,7.03262426102801,11.7636841833174
"177","NAmes",1040,90000,0,0,6.94697599213542,11.4075649493124
"178","NAmes",1904,138000,0,0,7.55171221535131,11.8350089641393
"179","NAmes",1041,128000,0,0,6.94793706861497,11.7597855429018
"180","NAmes",1339,139000,0,0,7.19967834569117,11.8422292121128
"181","NAmes",732,118900,0,0,6.59578051396131,11.6860380826789
"182","NAmes",1183,138000,0,0,7.07580886397839,11.8350089641393
"183","NAmes",1148,132500,0,0,7.04577657687951,11.7943379244084
"184","NAmes",1461,133500,0,0,7.2868764117507,11.8018567568224
"185","NAmes",1495,135000,0,0,7.30988148582479,11.8130300574206
"186","NAmes",1806,144750,0,0,7.49886973397693,11.8827633954352
"187","NAmes",941,145000,0,0,6.84694313958538,11.8844890214027
"188","NAmes",1045,127000,0,0,6.95177216439891,11.7519423654407
"189","NAmes",894,109500,0,0,6.79570577517351,11.6036798282387
"190","BrkSide",1576,223500,1,0,7.36264527041782,12.3171666930358
"191","BrkSide",1432,149000,1,0,7.26682734752059,11.9117015849276
"192","BrkSide",1548,205000,1,0,7.34471905414967,12.2307652581205
"193","BrkSide",1654,137000,1,0,7.41095187558364,11.8277362048103
"194","BrkSide",952,121000,1,0,6.85856503479136,11.7035458245789
"195","BrkSide",1324,128000,1,0,7.18841273649695,11.7597855429018
"196","BrkSide",1176,134900,1,0,7.06987412845857,11.8122890421958
"197","BrkSide",1348,117000,1,0,7.20637729147225,11.6699292137799
"198","BrkSide",1412,132500,1,0,7.25276241805319,11.7943379244084
"199","BrkSide",1142,93000,1,0,7.04053639021596,11.4403547721354
"200","BrkSide",904,119000,1,0,6.80682936039218,11.6868787720937
"201","BrkSide",1301,100000,1,0,7.1708884785125,11.5129254649702
"202","BrkSide",1539,141500,1,0,7.33888813383888,11.8600549960654
"203","BrkSide",1573,133000,1,0,7.36073990305828,11.7981044072039
"204","BrkSide",800,60000,1,0,6.68461172766793,11.0020998412042
"205","BrkSide",875,105000,1,0,6.77422388635761,11.5617156291397
"206","BrkSide",995,115000,1,0,6.90274273715859,11.6526874073454
"207","BrkSide",1582,150000,1,0,7.3664451483276,11.9183905730784
"208","BrkSide",1072,126500,1,0,6.97728134163075,11.7479975871497
"209","BrkSide",2134,214500,1,0,7.6657534318617,12.2760650173502
"210","BrkSide",2019,167500,1,0,7.61035761831284,12.0287386302473
"211","Edwards",1200,179000,0,1,7.09007683577609,12.0951410848229
"212","Edwards",1200,179000,0,1,7.09007683577609,12.0951410848229
"213","Edwards",1152,159900,0,1,7.04925484125584,11.982303898822
"214","Edwards",904,61000,0,1,6.80682936039218,11.0186291431554
"215","Edwards",1369,103600,0,1,7.22183582528845,11.5482926088075
"216","Edwards",1112,63000,0,1,7.01391547481053,11.0508900053737
"217","Edwards",1229,135000,0,1,7.11395610956603,11.8130300574206
"218","Edwards",861,82500,0,1,6.75809450442773,11.3205535723228
"219","Edwards",1733,139600,0,1,7.45760928971561,11.8465364693104
"220","Edwards",1383,122000,0,1,7.23201033166476,11.7117763237154
"221","Edwards",1689,127500,0,1,7.4318919168078,11.7558716435806
"222","Edwards",1073,121500,0,1,6.9782137426307,11.7076695417627
"223","Edwards",1276,60000,0,1,7.15148546390474,11.0020998412042
"224","Edwards",1639,154400,0,1,7.40184157874383,11.9473019165728
"225","Edwards",672,113000,0,1,6.51025834052315,11.6351430976945
"226","Edwards",1089,125000,0,1,6.99301512293296,11.7360690162844
"227","Edwards",845,84000,0,1,6.73933662735717,11.3385720778255
"228","Edwards",1049,139500,0,1,6.9555926083963,11.8458198802436
"229","Edwards",1716,131000,0,1,7.44775128004791,11.7829526021833
"230","Edwards",1258,105000,0,1,7.13727843726039,11.5617156291397
"231","Edwards",1510,108000,0,1,7.31986492980897,11.5898865061064
"232","Edwards",1126,108000,0,1,7.02642680869964,11.5898865061064
"233","Edwards",1486,167000,0,1,7.3038432252777,12.0257490913989
"234","Edwards",816,100000,0,1,6.70441435496411,11.5129254649702
"235","Edwards",1922,198500,0,1,7.56112158953024,12.1985443791094
"236","Edwards",1426,159500,0,1,7.26262860097424,11.979799201207
"237","Edwards",1149,127000,0,1,7.04664727784876,11.7519423654407
"238","Edwards",1125,125000,0,1,7.02553831463852,11.7360690162844
"239","Edwards",1698,320000,0,1,7.43720636687129,12.6760762747759
"240","Edwards",1072,145500,0,1,6.97728134163075,11.8879313655937
"241","Edwards",698,118000,0,1,6.54821910276237,11.6784399034478
"242","Edwards",876,85000,0,1,6.77536609093639,11.3504065354725
"243","Edwards",1368,120000,0,1,7.2211050981825,11.6952470217642
"244","Edwards",1529,98000,0,1,7.33236920592906,11.4927227576527
"245","Edwards",864,99900,0,1,6.76157276880406,11.5119249646366
"246","Edwards",944,82000,0,1,6.8501261661455,11.3144745262464
"247","Edwards",1678,119900,0,1,7.42535788702715,11.6944133410156
"248","Edwards",1560,103500,0,1,7.35244110024358,11.5473268916876
"249","Edwards",960,112000,0,1,6.86693328446188,11.6262541502772
"250","Edwards",1196,110000,0,1,7.08673793451058,11.6082356447746
"251","Edwards",1298,122000,0,1,7.16857989726403,11.7117763237154
"252","Edwards",1604,117000,0,1,7.38025578842646,11.6699292137799
"253","NAmes",1414,176500,0,0,7.25417784645652,12.0810761553555
"254","NAmes",2117,237500,0,0,7.65775527113487,12.3779229024568
"255","NAmes",2112,206900,0,0,7.65539064482615,12.2399908637336
"256","NAmes",1792,133000,0,0,7.49108759353488,11.7981044072039
"257","NAmes",1054,151000,0,0,6.96034772910131,11.9250351157971
"258","NAmes",936,111900,0,0,6.84161547647759,11.6253608943
"259","NAmes",864,123000,0,0,6.76157276880406,11.7199396343546
"260","NAmes",864,111250,0,0,6.76157276880406,11.6195352000285
"261","NAmes",1337,181000,0,0,7.19818357710194,12.106252310248
"262","NAmes",892,110000,0,0,6.79346613258001,11.6082356447746
"263","NAmes",1464,141000,0,0,7.28892769452126,11.8565151693603
"264","NAmes",912,147000,0,0,6.81563999007433,11.8981878657609
"265","NAmes",925,135000,0,0,6.82979373751242,11.8130300574206
"266","NAmes",1728,145000,0,0,7.454719949364,11.8844890214027
"267","NAmes",1728,142600,0,0,7.454719949364,11.8677987869623
"268","NAmes",999,178400,0,0,6.90675477864855,12.091783499128
"269","NAmes",1014,98000,0,0,6.92165818415113,11.4927227576527
"270","NAmes",907,109008,0,0,6.81014245011514,11.5991765530135
"271","NAmes",952,135750,0,0,6.85856503479136,11.8185702377962
"272","NAmes",1128,155000,0,0,7.028201432058,11.9511803959014
"273","NAmes",1425,180500,0,0,7.26192709270275,12.1034860567551
"274","NAmes",1165,174900,0,0,7.0604763659998,12.0719696610067
"275","NAmes",1136,140000,0,0,7.0352685992811,11.8493977015914
"276","NAmes",1092,145000,0,0,6.99576615630485,11.8844890214027
"277","NAmes",1265,179900,0,0,7.14282740116162,12.1001564199386
"278","NAmes",1350,168500,0,0,7.20785987143248,12.0346910287746
"279","NAmes",1114,140000,0,0,7.01571242048723,11.8493977015914
"280","NAmes",1053,145500,0,0,6.95939851213398,11.8879313655937
"281","NAmes",1252,142000,0,0,7.13249755166004,11.8635823365834
"282","NAmes",1100,141000,0,0,7.00306545878646,11.8565151693603
"283","NAmes",1118,153000,0,0,7.01929665371504,11.9381932003746
"284","BrkSide",720,72500,1,0,6.5792512120101,11.1913418408428
"285","BrkSide",729,52000,1,0,6.59167373200866,10.8589989975636
"286","BrkSide",1077,118000,1,0,6.98193467715639,11.6784399034478
"287","BrkSide",906,87000,1,0,6.80903930604298,11.3736633976367
"288","NAmes",1496,141500,0,0,7.31055015853442,11.8600549960654
"289","NAmes",1252,119000,0,0,7.13249755166004,11.6868787720937
"290","NAmes",1337,141500,0,0,7.19818357710194,11.8600549960654
"291","NAmes",1661,165500,0,0,7.41517510961329,12.0167264737993
"292","NAmes",1036,112900,0,0,6.94312242281943,11.6342577501378
"293","NAmes",1820,201800,0,0,7.50659178007084,12.2150323869016
"294","NAmes",1362,163000,0,0,7.21670948670946,12.0015054797889
"295","NAmes",1144,139950,0,0,7.04228617193974,11.8490404949436
"296","NAmes",1537,174000,0,0,7.3375877435386,12.0668105781967
"297","NAmes",1431,165000,0,0,7.26612877955645,12.0137007528827
"298","NAmes",1988,227000,0,0,7.59488438721652,12.3327052964635
"299","NAmes",1098,135000,0,0,7.00124562206948,11.8130300574206
"300","NAmes",1144,124000,0,0,7.04228617193974,11.7280368445872
"301","NAmes",1283,140000,0,0,7.15695636461564,11.8493977015914
"302","NAmes",1176,136500,0,0,7.06987412845857,11.8240798936072
"303","NAmes",1440,185000,0,0,7.27239839257005,12.1281111040605
"304","NAmes",1261,163000,0,0,7.13966033596492,12.0015054797889
"305","NAmes",1570,166800,0,0,7.35883089834235,12.0245507689068
"306","NAmes",1196,139000,0,0,7.08673793451058,11.8422292121128
"307","NAmes",1392,166000,0,0,7.23849684089437,12.0197430673387
"308","NAmes",1080,136000,0,0,6.98471632011827,11.8204101647182
"309","NAmes",1104,133000,0,0,7.00669522683704,11.7981044072039
"310","NAmes",882,116000,0,0,6.78219205600679,11.6613454700885
"311","NAmes",1152,137500,0,0,7.04925484125584,11.8313791960888
"312","NAmes",950,130000,0,0,6.85646198459459,11.7752897294377
"313","NAmes",1790,180000,0,0,7.4899708988348,12.1007121298723
"314","NAmes",952,139000,0,0,6.85856503479136,11.8422292121128
"315","NAmes",773,110000,0,0,6.65027904858742,11.6082356447746
"316","NAmes",1764,100000,0,0,7.47533923656674,11.5129254649702
"317","NAmes",1216,118500,0,0,7.10332206252611,11.6826682395573
"318","NAmes",1824,146000,0,0,7.50878717063428,11.8913619006905
"319","NAmes",1558,140000,0,0,7.35115822643069,11.8493977015914
"320","NAmes",1716,171000,0,0,7.44775128004791,12.0494188354848
"321","NAmes",1044,139000,0,0,6.95081476844258,11.8422292121128
"322","NAmes",1312,186000,0,0,7.17930796950403,12.1335019526953
"323","NAmes",1253,157000,0,0,7.13329595489607,11.9640010843304
"324","NAmes",1081,148000,0,0,6.98564181763921,11.9049675527463
"325","NAmes",2069,242000,0,0,7.63482067774554,12.3966930051388
"326","NAmes",910,116000,0,0,6.8134445995109,11.6613454700885
"327","NAmes",876,94000,0,0,6.77536609093639,11.4510500612521
"328","NAmes",1048,98300,0,0,6.95463886488099,11.4957793061353
"329","NAmes",1507,127000,0,0,7.3178761986265,11.7519423654407
"330","NAmes",1256,159000,0,0,7.13568734702814,11.9766594812024
"331","NAmes",1027,125900,0,0,6.93439720992856,11.7432432200324
"332","NAmes",1269,155000,0,0,7.14598446771439,11.9511803959014
"333","NAmes",1320,138000,0,0,7.18538701558042,11.8350089641393
"334","NAmes",984,112500,0,0,6.89162589705225,11.6307085006266
"335","NAmes",832,105500,0,0,6.72383244082121,11.5664662318983
"336","NAmes",1278,127500,0,0,7.15305163493748,11.7558716435806
"337","NAmes",1800,130000,0,0,7.49554194388426,11.7752897294377
"338","NAmes",1588,150000,0,0,7.37023064180708,11.9183905730784
"339","NAmes",825,109500,0,0,6.71538338633468,11.6036798282387
"340","NAmes",1796,140000,0,0,7.49331724886215,11.8493977015914
"341","NAmes",1611,167900,0,0,7.38461038317697,12.0311238430656
"342","NAmes",1117,136870,0,0,7.0184017990692,11.8267868492053
"343","BrkSide",1143,138000,1,0,7.04141166379481,11.8350089641393
"344","BrkSide",1668,108000,1,0,7.41938058291869,11.5898865061064
"345","BrkSide",935,79500,1,0,6.84054652928869,11.2835123006424
"346","BrkSide",1738,153000,1,0,7.46049030582534,11.9381932003746
"347","BrkSide",784,109500,1,0,6.66440902035041,11.6036798282387
"348","BrkSide",1210,124000,1,0,7.09837563859079,11.7280368445872
"349","BrkSide",1290,106900,1,0,7.16239749735572,11.5796490970131
"350","BrkSide",1672,164900,1,0,7.42177579364465,12.0130945085477
"351","BrkSide",949,119000,1,0,6.85540879860993,11.6868787720937
"352","BrkSide",1158,120000,1,0,7.05444965813294,11.6952470217642
"353","BrkSide",1497,157000,1,0,7.31121838441963,11.9640010843304
"354","BrkSide",1342,105000,1,0,7.20191631753163,11.5617156291397
"355","BrkSide",1013,113000,1,0,6.92067150424868,11.6351430976945
"356","BrkSide",1216,115000,1,0,7.10332206252611,11.6526874073454
"357","BrkSide",896,79000,1,0,6.79794041297493,11.2772031314492
"358","BrkSide",1136,123000,1,0,7.0352685992811,11.7199396343546
"359","BrkSide",808,81300,1,0,6.69456205852109,11.3059012955359
"360","BrkSide",1573,162900,1,0,7.36073990305828,12.0008917945901
"361","BrkSide",2009,150000,1,0,7.60539236481493,11.9183905730784
"362","BrkSide",1362,128000,1,0,7.21670948670946,11.7597855429018
"363","BrkSide",520,68500,1,0,6.25382881157547,11.1345890242503
"364","BrkSide",1285,127000,1,0,7.15851399732932,11.7519423654407
"365","BrkSide",1848,207000,1,0,7.52185925220163,12.2404740722475
"366","BrkSide",1820,184000,1,0,7.50659178007084,12.1226910365911
"367","BrkSide",1716,162500,1,0,7.44775128004791,11.9984332807519
"368","BrkSide",1505,145000,1,0,7.31654817718298,11.8844890214027
"369","BrkSide",838,130000,1,0,6.73101810048208,11.7752897294377
"370","Edwards",1355,127500,0,1,7.2115567333138,11.7558716435806
"371","Edwards",1357,177000,0,1,7.21303165983487,12.083905011556
"372","Edwards",1079,125600,0,1,6.98378996525813,11.7408575330162
"373","Edwards",1094,155000,0,1,6.99759598298193,11.9511803959014
"374","Edwards",1518,260000,0,1,7.32514895795557,12.4684369099977
"375","Edwards",1674,185000,0,1,7.42297125104942,12.1281111040605
"376","Edwards",2108,235000,0,1,7.65349490966125,12.3673407931263
"377","Edwards",1509,159900,0,1,7.31920245876785,11.982303898822
"378","Edwards",864,99600,0,1,6.76157276880406,11.5089174435727
"379","Edwards",1269,134500,0,1,7.14598446771439,11.809319478024
"380","Edwards",1367,119000,0,1,7.22037383672395,11.6868787720937
"381","Edwards",1347,107500,0,1,7.20563517641036,11.5852461265499
"382","Edwards",1164,125000,0,1,7.05961762829138,11.7360690162844
"383","Edwards",1096,79000,0,1,6.99942246750796,11.2772031314492
"384","Edwards",1111,95000,0,1,7.01301578963963,11.4616321705827
"385","Edwards",796,85000,0,1,6.67959918584438,11.3504065354725
"386","Edwards",2200,145900,0,1,7.69621263934641,11.8906767345109
"387","Edwards",1092,123000,0,1,6.99576615630485,11.7199396343546
"388","Edwards",1256,147500,0,1,7.13568734702814,11.901583454762
"389","Edwards",1033,165000,0,1,6.94022246911964,12.0137007528827
"390","Edwards",1127,135000,0,1,7.02731451403978,11.8130300574206
"391","Edwards",996,108000,0,1,6.9037472575846,11.5898865061064
"392","Edwards",1181,137500,0,1,7.07411681619736,11.8313791960888
"393","Edwards",1656,165400,0,1,7.4121603349452,12.0161220615717
"394","Edwards",1117,147000,0,1,7.0184017990692,11.8981878657609
"395","Edwards",1398,160500,0,1,7.24279792279376,11.9860492215522
"396","Edwards",1132,176000,0,1,7.03174125876313,12.0782392740203
"397","Edwards",3820,284700,0,1,8.24800570160062,12.5591912732661
"398","Edwards",5642,160000,0,1,8.63799389156194,11.982929094216
"399","Edwards",1072,148000,0,1,6.97728134163075,11.9049675527463
"400","Edwards",1152,82000,0,1,7.04925484125584,11.3144745262464
"401","Edwards",1152,82000,0,1,7.04925484125584,11.3144745262464
"402","Edwards",1440,118000,0,1,7.27239839257005,11.6784399034478
"403","Edwards",1152,82500,0,1,7.04925484125584,11.3205535723228
"404","Edwards",784,91900,0,1,6.66440902035041,11.4284563083438
"405","Edwards",1053,120000,0,1,6.95939851213398,11.6952470217642
"406","Edwards",1137,96000,0,1,7.03614849375054,11.47210347045
"407","Edwards",930,99000,0,1,6.8351845861473,11.5028751291167
"408","Edwards",1200,130500,0,1,7.09007683577609,11.7791285057449
"409","Edwards",1470,135000,0,1,7.29301767977278,11.8130300574206
"410","Edwards",1393,135500,0,1,7.23921497377981,11.8167269193019
"411","Edwards",1204,100000,0,1,7.09340462586877,11.5129254649702
"412","Edwards",1292,108000,0,1,7.16394668434255,11.5898865061064
"413","Edwards",864,98000,0,1,6.76157276880406,11.4927227576527
"414","Edwards",864,67000,0,1,6.76157276880406,11.1124478983731
"415","NAmes",1587,167300,0,0,7.36960072052641,12.0275438869749
"416","NAmes",1277,167000,0,0,7.15226885603254,12.0257490913989
"417","NAmes",2223,244000,0,0,7.7066129139642,12.4049235042753
"418","NAmes",2217,268000,0,0,7.70391020961631,12.498742259493
"419","NAmes",1109,139000,0,0,7.01121398735037,11.8422292121128
"420","NAmes",981,143250,0,0,6.88857245956536,11.872346634577
"421","NAmes",1479,184000,0,0,7.2991214627108,12.1226910365911
"422","NAmes",1422,155000,0,0,7.25981961036319,11.9511803959014
"423","NAmes",914,133000,0,0,6.81783057145415,11.7981044072039
"424","NAmes",950,119500,0,0,6.85646198459459,11.6910716503537
"425","NAmes",872,123000,0,0,6.77078942390898,11.7199396343546
"426","NAmes",858,110000,0,0,6.75460409948796,11.6082356447746
"427","NAmes",914,128000,0,0,6.81783057145415,11.7597855429018
"428","NAmes",864,120500,0,0,6.76157276880406,11.6994050319128
"429","NAmes",767,133000,0,0,6.64248680136726,11.7981044072039
"430","NAmes",1337,155000,0,0,7.19818357710194,11.9511803959014
"431","NAmes",1337,177000,0,0,7.19818357710194,12.083905011556
"432","NAmes",988,129250,0,0,6.89568269774787,11.7695037923707
"433","NAmes",1107,127000,0,0,7.00940893270864,11.7519423654407
"434","NAmes",1214,143000,0,0,7.10167597161944,11.870599909242
"435","NAmes",1073,156000,0,0,6.9782137426307,11.9576112862317
"436","NAmes",1344,144000,0,0,7.20340552108309,11.8775685785581
"437","NAmes",1728,119000,0,0,7.454719949364,11.6868787720937
"438","NAmes",1224,103000,0,0,7.10987946307227,11.5424842672118
"439","NAmes",1422,139900,0,0,7.25981961036319,11.8486831606536
"440","NAmes",958,151500,0,0,6.86484777797086,11.9283409039316
"441","NAmes",1065,126500,0,0,6.97073007814353,11.7479975871497
"442","NAmes",1138,145000,0,0,7.03702761468628,11.8844890214027
"443","NAmes",912,120000,0,0,6.81563999007433,11.6952470217642
"444","NAmes",1074,124000,0,0,6.97914527506881,11.7280368445872
"445","NAmes",882,106500,0,0,6.78219205600679,11.5759002641316
"446","NAmes",1187,140500,0,0,7.07918439460967,11.8529627677559
"447","NAmes",964,137500,0,0,6.87109129461055,11.8313791960888
"448","NAmes",894,117600,0,0,6.79570577517351,11.6750443144467
"449","NAmes",1200,163500,0,0,7.09007683577609,12.0045682693194
"450","NAmes",1042,161000,0,0,6.94889722231331,11.9891596439666
"451","NAmes",1302,158000,0,0,7.17165682276851,11.9703503120091
"452","NAmes",2154,224500,0,0,7.67508185771633,12.3216309861644
"453","NAmes",1374,147000,0,0,7.22548147278229,11.8981878657609
"454","NAmes",1652,200000,0,0,7.40974195408092,12.2060726455302
"455","NAmes",1429,181900,0,0,7.26473017792987,12.1112123645062
"456","NAmes",1327,150750,0,0,7.19067603433221,11.9233781145894
"457","NAmes",1224,101800,0,0,7.10987946307227,11.5307653830986
"458","NAmes",932,124000,0,0,6.83733281468559,11.7280368445872
"459","NAmes",908,138500,0,0,6.81124437860129,11.8386256046095
"460","BrkSide",334,39300,1,0,5.8111409929767,10.5789797978574
"461","BrkSide",666,64500,1,0,6.50128967054039,11.0744205027839
"462","BrkSide",670,64000,1,0,6.50727771238501,11.0666383623418
"463","BrkSide",808,112000,1,0,6.69456205852109,11.6262541502772
"464","NAmes",1977,165000,0,0,7.58933582317062,12.0137007528827
"465","NAmes",1150,144000,0,0,7.0475172213573,11.8775685785581
"466","NAmes",1920,137000,0,0,7.56008046502183,11.8277362048103
"467","NAmes",1376,105000,0,0,7.22693601849329,11.5617156291397
"468","NAmes",1644,146500,0,0,7.40488757561612,11.8947807074393
"469","NAmes",1560,126000,0,0,7.35244110024358,11.7440371859336
"470","NAmes",1280,175000,0,0,7.15461535691366,12.0725412529057
"471","NAmes",1254,158500,0,0,7.13409372119287,11.9735098722995
"472","NAmes",912,114500,0,0,6.81563999007433,11.6483301019764
"473","NAmes",1524,144000,0,0,7.32909373624659,11.8775685785581
"474","NAmes",2380,129000,0,0,7.77485576666552,11.7675676833438
"475","NAmes",936,141000,0,0,6.84161547647759,11.8565151693603
"476","NAmes",1008,131000,0,0,6.91572344863131,11.7829526021833
"477","NAmes",1053,142100,0,0,6.95939851213398,11.8642863140852
"478","NAmes",1056,139000,0,0,6.96224346426621,11.8422292121128
"479","NAmes",1442,157900,0,0,7.27378631784489,11.9697172002437
"480","NAmes",1056,139400,0,0,6.96224346426621,11.8451027773086
"481","NAmes",1244,150000,0,0,7.12608727329912,11.9183905730784
"482","NAmes",1144,120000,0,0,7.04228617193974,11.6952470217642
"483","NAmes",1721,174850,0,0,7.45066079621154,12.0716837424915
"484","NAmes",922,116000,0,0,6.82654522355659,11.6613454700885
"485","NAmes",1048,135000,0,0,6.95463886488099,11.8130300574206
"486","NAmes",1657,163500,0,0,7.41276401742656,12.0045682693194
"487","NAmes",1411,130000,0,0,7.25205395185281,11.7752897294377
"488","NAmes",1216,129500,0,0,7.10332206252611,11.7714361601217
"489","NAmes",1154,142000,0,0,7.05098944706805,11.8635823365834
"490","NAmes",1560,128600,0,0,7.35244110024358,11.7644620907857
"491","NAmes",948,125000,0,0,6.85435450225502,11.7360690162844
"492","NAmes",1040,136000,0,0,6.94697599213542,11.8204101647182
"493","NAmes",1008,134500,0,0,6.91572344863131,11.809319478024
"494","NAmes",925,127000,0,0,6.82979373751242,11.7519423654407
"495","NAmes",1360,130000,0,0,7.2152399787301,11.7752897294377
"496","NAmes",1540,115000,0,0,7.33953769540767,11.6526874073454
"497","NAmes",925,116900,0,0,6.82979373751242,11.6690741474602
"498","NAmes",928,132000,0,0,6.8330317327862,11.7905572015685
"499","NAmes",1647,153000,0,0,7.40671073017764,11.9381932003746
"500","NAmes",893,135000,0,0,6.7945865808765,11.8130300574206
"501","NAmes",1728,156000,0,0,7.454719949364,11.9576112862317
"502","NAmes",3086,301600,0,0,8.03463103292311,12.6168569151159
"503","NAmes",1651,172000,0,0,7.40913644392013,12.0552497557956
"504","NAmes",888,120000,0,0,6.78897174299217,11.6952470217642
"505","NAmes",952,128500,0,0,6.85856503479136,11.7636841833174
"506","NAmes",2080,135000,0,0,7.64012317269536,11.8130300574206
"507","NAmes",924,122900,0,0,6.82871207164168,11.7191262955541
"508","NAmes",1082,119200,0,0,6.98656645940643,11.6885580336134
"509","NAmes",1846,143000,0,0,7.5207764150628,11.870599909242
"510","NAmes",988,119000,0,0,6.89568269774787,11.6868787720937
"511","NAmes",1238,102000,0,0,7.12125245324454,11.5327280922664
"512","NAmes",864,129000,0,0,6.76157276880406,11.7675676833438
"513","NAmes",1134,135000,0,0,7.0335064842877,11.8130300574206
"514","NAmes",1040,152000,0,0,6.94697599213542,11.9316357998284
"515","NAmes",1170,140000,0,0,7.0647590277918,11.8493977015914
"516","NAmes",1242,152000,0,0,7.12447826249342,11.9316357998284
"517","NAmes",1377,156500,0,0,7.22766249872865,11.9608112889623
"518","NAmes",1800,141000,0,0,7.49554194388426,11.8565151693603
"519","NAmes",925,99000,0,0,6.82979373751242,11.5028751291167
"520","NAmes",1851,187000,0,0,7.5234813125735,12.1388638958367
"521","NAmes",1812,169500,0,0,7.50218648660292,12.0406082058026
"522","NAmes",864,125500,0,0,6.76157276880406,11.740061037554
"523","NAmes",936,130000,0,0,6.84161547647759,11.7752897294377
"524","BrkSide",1060,136500,1,0,6.96602418710611,11.8240798936072
"525","BrkSide",1435,128250,1,0,7.26892012819372,11.761736763033
"526","BrkSide",1167,144000,1,0,7.06219163228656,11.8775685785581
"527","BrkSide",1635,210000,1,0,7.39939808333135,12.2548628096996
"528","BrkSide",1274,135000,1,0,7.14991683613211,11.8130300574206
"529","BrkSide",1232,128000,1,0,7.11639414409346,11.7597855429018
"530","BrkSide",1218,131000,1,0,7.10496544826984,11.7829526021833
"531","BrkSide",884,113000,1,0,6.78445706263764,11.6351430976945
"532","BrkSide",1409,126000,1,0,7.25063551189868,11.7440371859336
"533","BrkSide",1322,132000,1,0,7.18690102041163,11.7905572015685
"534","BrkSide",1426,131750,1,0,7.26262860097424,11.7886614664036
"535","BrkSide",1281,132500,1,0,7.15539630189673,11.7943379244084
"536","BrkSide",1513,137500,1,0,7.32184971378836,11.8313791960888
"537","BrkSide",854,132000,1,0,6.74993119378857,11.7905572015685
"538","BrkSide",1367,127500,1,0,7.22037383672395,11.7558716435806
"539","BrkSide",986,102000,1,0,6.89365635460264,11.5327280922664
"540","BrkSide",1824,180500,1,0,7.50878717063428,12.1034860567551
"541","BrkSide",1376,165000,1,0,7.22693601849329,12.0137007528827
"542","BrkSide",1316,90000,1,0,7.18235211188526,11.4075649493124
"543","BrkSide",1396,153575,1,0,7.24136628332232,11.9419443260321
"544","Edwards",1134,126000,0,1,7.0335064842877,11.7440371859336
"545","Edwards",1325,216000,0,1,7.18916773842032,12.2830336866663
"546","Edwards",1630,130000,0,1,7.39633529380081,11.7752897294377
"547","Edwards",1242,109900,0,1,7.12447826249342,11.6073261403917
"548","Edwards",2158,243000,0,1,7.67693714581808,12.4008167223227
"549","Edwards",1626,154000,0,1,7.39387829010776,11.9447078813958
"550","Edwards",943,80000,0,1,6.84906628263346,11.289781913656
"551","Edwards",1440,150000,0,1,7.27239839257005,11.9183905730784
"552","Edwards",605,86000,0,1,6.40522845803084,11.3621025752356
"553","Edwards",1038,130000,0,1,6.94505106372583,11.7752897294377
"554","Edwards",1342,125000,0,1,7.20191631753163,11.7360690162844
"555","Edwards",1480,136500,0,1,7.29979736675816,11.8240798936072
"556","Edwards",1362,96000,0,1,7.21670948670946,11.47210347045
"557","Edwards",1340,120000,0,1,7.20042489294496,11.6952470217642
"558","Edwards",1214,140000,0,1,7.10167597161944,11.8493977015914
"559","Edwards",936,118500,0,1,6.84161547647759,11.6826682395573
"560","Edwards",1088,110000,0,1,6.99209642741589,11.6082356447746
"561","Edwards",960,94750,0,1,6.86693328446188,11.4589971229447
"562","Edwards",1351,122000,0,1,7.2086003379602,11.7117763237154
"563","Edwards",1179,110000,0,1,7.07242190053737,11.6082356447746
"564","Edwards",816,118500,0,1,6.70441435496411,11.6826682395573
"565","Edwards",1044,133500,0,1,6.95081476844258,11.8018567568224
"566","Edwards",1113,148000,0,1,7.01481435127554,11.9049675527463
"567","Edwards",2233,141000,0,1,7.71110125184016,11.8565151693603
"568","Edwards",1125,155000,0,1,7.02553831463852,11.9511803959014
"569","Edwards",1090,157000,0,1,6.99393297522319,11.9640010843304
"570","Edwards",1408,171500,0,1,7.24992553671799,12.0523385455881
"571","Edwards",5095,183850,0,1,8.53601494565683,12.1218754867294
"572","Edwards",4676,184750,0,1,8.45019832259196,12.1267588388104
"573","Edwards",1072,140000,0,1,6.97728134163075,11.8493977015914
"574","Edwards",960,131750,0,1,6.86693328446188,11.7886614664036
"575","Edwards",1152,61500,0,1,7.04925484125584,11.0267924537946
"576","Edwards",948,111000,0,1,6.85435450225502,11.6172854802945
"577","Edwards",1195,98500,0,1,7.08590146436561,11.4978118271602
"578","Edwards",774,79000,0,1,6.65157187358973,11.2772031314492
"579","Edwards",865,108500,0,1,6.76272950693188,11.5945054519627
"580","Edwards",894,110000,0,1,6.79570577517351,11.6082356447746
"581","Edwards",1346,112000,0,1,7.20489251020467,11.6262541502772
"582","Edwards",768,125000,0,1,6.64378973314767,11.7360690162844
"583","Edwards",864,79275,0,1,6.76157276880406,11.2806780994065
"584","Edwards",948,119000,0,1,6.85435450225502,11.6868787720937
"585","NAmes",1293,149900,0,0,7.16472037877186,11.9177236840907
"586","NAmes",1024,157500,0,0,6.93147180559945,11.9671807372478
"587","NAmes",1797,169000,0,0,7.49387388678356,12.0376539939052
"588","NAmes",1390,252000,0,0,7.23705902612474,12.4371843664936
"589","NAmes",1851,192100,0,0,7.5234813125735,12.1657713487566
"590","NAmes",1096,138800,0,0,6.99942246750796,11.8407893270548
"591","NAmes",864,116050,0,0,6.76157276880406,11.6617764117026
"592","NAmes",858,88000,0,0,6.75460409948796,11.3850920934603
"593","NAmes",874,97500,0,0,6.77308037565554,11.4876076569859
"594","NAmes",1419,190000,0,0,7.25770767716004,12.1547793511426
"595","NAmes",1387,145000,0,0,7.23489842031483,11.8844890214027
"596","NAmes",900,123000,0,0,6.80239476332431,11.7199396343546
"597","NAmes",980,135500,0,0,6.88755257166462,11.8167269193019
"598","NAmes",1051,142000,0,0,6.95749737087695,11.8635823365834
"599","NAmes",1770,155000,0,0,7.47873482556787,11.9511803959014
"600","NAmes",976,157500,0,0,6.88346258641309,11.9671807372478
"601","NAmes",1052,138500,0,0,6.95844839329766,11.8386256046095
"602","NAmes",898,140000,0,0,6.8001700683022,11.8493977015914
"603","NAmes",1051,124400,0,0,6.95749737087695,11.7312574592872
"604","NAmes",1141,158000,0,0,7.03966034986208,11.9703503120091
"605","NAmes",1200,146000,0,0,7.09007683577609,11.8913619006905
"606","NAmes",1050,136500,0,0,6.95654544315157,11.8240798936072
"607","NAmes",864,129900,0,0,6.76157276880406,11.7745202026587
"608","NAmes",1712,145000,0,0,7.44541755670169,11.8844890214027
"609","NAmes",1565,185900,0,0,7.35564110297425,12.1329641737095
"610","NAmes",1251,160000,0,0,7.13169851046691,11.982929094216
"611","NAmes",1488,167000,0,0,7.30518821539304,12.0257490913989
"612","NAmes",1440,157500,0,0,7.27239839257005,11.9671807372478
"613","NAmes",1095,140000,0,0,6.9985096422506,11.8493977015914
"614","NAmes",1053,150000,0,0,6.95939851213398,11.9183905730784
"615","NAmes",1248,151500,0,0,7.12929754892937,11.9283409039316
"616","NAmes",816,129800,0,0,6.70441435496411,11.7737500832521
"617","NAmes",1008,137000,0,0,6.91572344863131,11.8277362048103
"618","NAmes",1043,137000,0,0,6.94985645500077,11.8277362048103
"619","BrkSide",1230,121600,1,0,7.11476944836646,11.7084922485142
"620","BrkSide",869,85500,1,0,6.76734312526539,11.3562716549249
"621","BrkSide",747,79900,1,0,6.61606518513282,11.2885311317544
"622","BrkSide",1252,127000,1,0,7.13249755166004,11.7519423654407
"623","NAmes",1433,161000,0,0,7.26752542782817,11.9891596439666
"624","NAmes",1624,146500,0,0,7.39264752072162,11.8947807074393
"625","NAmes",1216,135000,0,0,7.10332206252611,11.8130300574206
"626","NAmes",2136,137900,0,0,7.66669020008009,11.8342840637814
"627","NAmes",1578,133000,0,0,7.36391350140582,11.7981044072039
"628","NAmes",1728,137000,0,0,7.454719949364,11.8277362048103
"629","NAmes",936,121000,0,0,6.84161547647759,11.7035458245789
"630","NAmes",1584,119000,0,0,7.36770857237437,11.6868787720937
"631","NAmes",1246,172000,0,0,7.1276936993474,12.0552497557956
"632","NAmes",1235,98600,0,0,7.11882624906208,11.4988265405907
"633","NAmes",2157,226000,0,0,7.67647364638916,12.3282902782544
"634","NAmes",1128,118000,0,0,7.028201432058,11.6784399034478
"635","NAmes",3112,235000,0,0,8.04302088529828,12.3673407931263
"636","NAmes",1008,135000,0,0,6.91572344863131,11.8130300574206
"637","NAmes",1190,132500,0,0,7.08170858610557,11.7943379244084
"638","NAmes",1144,143000,0,0,7.04228617193974,11.870599909242
"639","NAmes",1364,132000,0,0,7.21817683840341,11.7905572015685
"640","NAmes",1383,145250,0,0,7.23201033166476,11.8862116747142
"641","NAmes",1336,162000,0,0,7.19743535409659,11.9953516142145
"642","NAmes",1370,148000,0,0,7.22256601882217,11.9049675527463
"643","NAmes",1092,141000,0,0,6.99576615630485,11.8565151693603
"644","NAmes",1124,153000,0,0,7.02464903045364,11.9381932003746
"645","NAmes",1236,134450,0,0,7.11963563801764,11.808947661697
"646","NAmes",943,135960,0,0,6.84906628263346,11.8201160038101
"647","NAmes",1050,156000,0,0,6.95654544315157,11.9576112862317
"648","NAmes",1375,140000,0,0,7.22620901010067,11.8493977015914
"649","NAmes",1008,139500,0,0,6.91572344863131,11.8458198802436
"650","NAmes",1575,155000,0,0,7.36201055125973,11.9511803959014
"651","NAmes",1145,127000,0,0,7.04315991598834,11.7519423654407
"652","NAmes",1005,133500,0,0,6.91274282049318,11.8018567568224
"653","NAmes",1056,125000,0,0,6.96224346426621,11.7360690162844
"654","NAmes",884,142000,0,0,6.78445706263764,11.8635823365834
"655","NAmes",2039,167000,0,0,7.62021477057445,12.0257490913989
"656","NAmes",1384,159000,0,0,7.23273313617761,11.9766594812024
"657","NAmes",1312,127000,0,0,7.17930796950403,11.7519423654407
"658","NAmes",715,68000,0,0,6.57228254269401,11.1272629841582
"659","NAmes",1324,160000,0,0,7.18841273649695,11.982929094216
"660","NAmes",1086,159950,0,0,6.99025650049388,11.9826165453777
"661","NAmes",1146,165000,0,0,7.04403289727469,12.0137007528827
"662","NAmes",1734,159000,0,0,7.45818615734049,11.9766594812024
"663","NAmes",1207,147000,0,0,7.09589322109753,11.8981878657609
"664","NAmes",912,115000,0,0,6.81563999007433,11.6526874073454
"665","NAmes",1194,159500,0,0,7.08506429395255,11.979799201207
"666","NAmes",864,120000,0,0,6.76157276880406,11.6952470217642
"667","NAmes",816,129900,0,0,6.70441435496411,11.7745202026587
"668","NAmes",1773,183000,0,0,7.48042830607421,12.1172414318236
"669","NAmes",1472,157500,0,0,7.29437729928882,11.9671807372478
"670","NAmes",2448,277500,0,0,7.80302664363222,12.5335762121686
"671","NAmes",1600,207500,0,0,7.37775890822787,12.2428866186529
"672","NAmes",1521,147500,0,0,7.32712329225929,11.901583454762
"673","NAmes",1192,135000,0,0,7.0833878476253,11.8130300574206
"674","NAmes",1040,109500,0,0,6.94697599213542,11.6036798282387
"675","NAmes",1040,109900,0,0,6.94697599213542,11.6073261403917
"676","NAmes",1040,133700,0,0,6.94697599213542,11.80335376309
"677","NAmes",1040,81400,0,0,6.94697599213542,11.3071305519906
"678","NAmes",1040,87500,0,0,6.94697599213542,11.3793940723457
"679","NAmes",1040,93500,0,0,6.94697599213542,11.4457167152768
"680","NAmes",1556,119000,0,0,7.34987370473834,11.6868787720937
"681","NAmes",1150,141000,0,0,7.0475172213573,11.8565151693603
"682","NAmes",1150,146000,0,0,7.0475172213573,11.8913619006905
"683","NAmes",1348,155000,0,0,7.20637729147225,11.9511803959014
"684","NAmes",999,134500,0,0,6.90675477864855,11.809319478024
"685","NAmes",1045,120000,0,0,6.95177216439891,11.6952470217642
"686","NAmes",864,105000,0,0,6.76157276880406,11.5617156291397
"687","NAmes",1025,124000,0,0,6.93244789157251,11.7280368445872
"688","BrkSide",788,100000,1,0,6.66949808985788,11.5129254649702
"689","BrkSide",1577,140200,1,0,7.36327958696304,11.8508252535826
"690","BrkSide",1827,202500,1,0,7.51043055637801,12.2184951655287
"691","BrkSide",1664,159000,1,0,7.41697962138115,11.9766594812024
"692","BrkSide",1176,114500,1,0,7.06987412845857,11.6483301019764
"693","BrkSide",1344,115000,1,0,7.20340552108309,11.6526874073454
"694","BrkSide",1162,75000,1,0,7.05789793741186,11.2252433925184
"695","BrkSide",1015,88000,1,0,6.92264389147589,11.3850920934603
"696","BrkSide",912,80500,1,0,6.81563999007433,11.2960124634067
"697","BrkSide",1576,149000,1,0,7.36264527041782,11.9117015849276
"698","BrkSide",1324,110000,1,0,7.18841273649695,11.6082356447746
"699","BrkSide",616,89000,1,0,6.42324696353352,11.3963916487143
"700","BrkSide",1048,113000,1,0,6.95463886488099,11.6351430976945
"701","BrkSide",816,109000,1,0,6.70441435496411,11.5991031612113
"702","BrkSide",960,129000,1,0,6.86693328446188,11.7675676833438
"703","Edwards",1032,125000,0,1,6.93925394604151,11.7360690162844
"704","Edwards",1350,146000,0,1,7.20785987143248,11.8913619006905
"705","Edwards",1150,128000,0,1,7.0475172213573,11.7597855429018
"706","Edwards",2008,225000,0,1,7.60489448081162,12.3238556811866
"707","Edwards",2201,274970,0,1,7.69666708152646,12.5244172797888
"708","Edwards",2009,235000,0,1,7.60539236481493,12.3673407931263
"709","Edwards",3672,415000,0,1,8.20849175174038,12.9360337992128
"710","Edwards",1560,182000,0,1,7.35244110024358,12.1117619660589
"711","Edwards",1488,135000,0,1,7.30518821539304,11.8130300574206
"712","Edwards",1057,137000,0,1,6.96318998587024,11.8277362048103
"713","Edwards",1855,136900,0,1,7.52563997504154,11.8270060112765
"714","Edwards",1609,149900,0,1,7.38336814699238,11.9177236840907
"715","Edwards",1148,123500,0,1,7.04577657687951,11.7239964350502
"716","Edwards",1124,93000,0,1,7.02464903045364,11.4403547721354
"717","Edwards",1456,91500,0,1,7.28344822875663,11.4240942512636
"718","Edwards",1436,98000,0,1,7.26961674960817,11.4927227576527
"719","Edwards",1466,149900,0,1,7.2902928824466,11.9177236840907
"720","Edwards",1220,102000,0,1,7.1066061377273,11.5327280922664
"721","Edwards",1012,127500,0,1,6.91968384984741,11.7558716435806
"722","Edwards",980,127500,0,1,6.88755257166462,11.7558716435806
"723","Edwards",1176,119900,0,1,7.06987412845857,11.6944133410156
"724","Edwards",1724,196500,0,1,7.45240245122364,12.1884177102915
"725","Edwards",914,117250,0,1,6.81783057145415,11.6720636863085
"726","Edwards",2314,229000,0,1,7.74673290775362,12.3414772825364
"727","Edwards",1072,145000,0,1,6.97728134163075,11.8844890214027
"728","Edwards",1072,140000,0,1,6.97728134163075,11.8493977015914
"729","Edwards",1072,142500,0,1,6.97728134163075,11.8670972786908
"730","Edwards",1709,134000,0,1,7.44366368311559,11.805595078933
"731","Edwards",1709,130000,0,1,7.44366368311559,11.7752897294377
"732","Edwards",1709,130000,0,1,7.44366368311559,11.7752897294377
"733","Edwards",1709,137500,0,1,7.44366368311559,11.8313791960888
"734","Edwards",1708,130000,0,1,7.44307837434852,11.7752897294377
"735","Edwards",936,97900,0,1,6.84161547647759,11.4917018285186
"736","Edwards",1338,92000,0,1,7.19893124068817,11.4295438560312
"737","Edwards",1669,107000,0,1,7.41997992366183,11.580584113444
"738","Edwards",1184,81000,0,1,7.07665381544395,11.3022044336546
"739","Edwards",1221,104900,0,1,7.1074254741107,11.5607627943844
"740","Edwards",864,115000,0,1,6.76157276880406,11.6526874073454
"741","Edwards",1482,125000,0,1,7.30114780585603,11.7360690162844
"742","Edwards",1250,116000,0,1,7.13089883029635,11.6613454700885
"743","Edwards",1414,83000,0,1,7.25417784645652,11.3265958867787
"744","Edwards",498,35000,0,1,6.21060007702465,10.4631033404715
"745","Edwards",1273,121000,0,1,7.14913159855741,11.7035458245789
